fixture,lesson_id,card,chapter,card_type,arabic,source
chapter-16-lesson-01.json,ch16-l01,3,16,WORD,مَكْتَبٌ,images/words/cmtvrdagw0007585kmi0n032f.jpg (vocabulary مَكْتَب)
chapter-16-lesson-01.json,ch16-l01,4,16,WORD,دَفْتَرٌ,images/words/cmtvrdagz00b3585kpjwkhefn.jpg (vocabulary دَفْتَر)
chapter-16-lesson-01.json,ch16-l01,8,16,AYAH_PREVIEW,الَّذِي عَلَّمَ بِالْقَلَمِ,images/discover/qalam.webp
chapter-16-lesson-02.json,ch16-l02,1,16,WORD,أُسْتَاذٌ,images/discover/ch12-muallim-teacher.webp
chapter-16-lesson-02.json,ch16-l02,3,16,WORD,دَرْسٌ,images/discover/dars.webp
chapter-16-lesson-03.json,ch16-l03,1,16,WORD,أَمْسِ,images/words/cmtvrdagy004r585kg72v9rgk.jpg (vocabulary أَمْس)
chapter-16-lesson-03.json,ch16-l03,2,16,WORD,الْيَوْمَ,images/words/cmtvrdagy004z585k7v745z75.jpg (vocabulary الْيَوْم)
chapter-16-lesson-03.json,ch16-l03,3,16,WORD,غَدًا,images/discover/ghadan.webp
chapter-16-lesson-04.json,ch16-l04,6,16,WORD,قُلْ,images/words/cmtvrdagz00c9585kg70aqc43.jpg (vocabulary قُلْ)
chapter-16-lesson-05-review.json,ch16-l05,6,16,AYAH_PREVIEW,الَّذِي عَلَّمَ بِالْقَلَمِ,images/discover/qalam.webp
chapter-17-lesson-01.json,ch17-l01,1,17,CONCEPT,ذَهَبَ الطَّالِبُ,images/discover/ch05-dhahaba-movement.webp
chapter-17-lesson-01.json,ch17-l01,2,17,WORD,أَكَلَ,images/discover/akala.webp
chapter-17-lesson-01.json,ch17-l01,4,17,WORD,شَرِبَ,images/words/cmtvrdagy008d585kv2qcmzeb.jpg (vocabulary شَرِبَ)
chapter-17-lesson-02.json,ch17-l02,1,17,WORD,قَرَأَ,images/words/cmtvrdagw000o585kf8b0cqo2.jpg (vocabulary قَرَأَ)
chapter-17-lesson-02.json,ch17-l02,4,17,WORD,كَتَبَ,images/words/cmtrh9qrt006g9k5kz05gv8ea.jpg (vocabulary كَتَبَ)
chapter-17-lesson-03.json,ch17-l03,1,17,WORD,قَامَ,images/words/cmtvrdagy008f585kuhahlxr3.jpg (vocabulary قَامَ)
chapter-17-lesson-03.json,ch17-l03,5,17,WORD,نَامَ,images/words/cmtvrdagy008g585kmlozs8xi.jpg (vocabulary نَامَ)
chapter-17-lesson-04.json,ch17-l04,1,17,WORD,صَلَّى,images/discover/salah.webp
chapter-17-lesson-05.json,ch17-l05,1,17,WORD,سَمِعَ,images/words/cmtrh9p46003t9k5k945s39d2.jpg (vocabulary سَمِعَ)
chapter-17-lesson-05.json,ch17-l05,5,17,WORD,جَلَسَ,images/words/cmtvrdagy008e585knua8w153.jpg (vocabulary جَلَسَ)
chapter-18-lesson-01.json,ch18-l01,1,18,CONCEPT,الرَّجُلُ الَّذِي ذَهَبَ,images/discover/ch06-person-connected-action.webp
chapter-18-lesson-01.json,ch18-l01,3,18,WORD,الْوَسْوَاسُ,images/words/cmtvrdagz00cc585kijvkf74m.jpg (vocabulary وَسْوَاس)
chapter-18-lesson-01.json,ch18-l01,4,18,WORD,الْخَنَّاسُ,images/words/cmtvrdagz00cd585kjffbr7ri.jpg (vocabulary خَنَّاس)
chapter-18-lesson-01.json,ch18-l01,5,18,WORD,شَرٌّ,images/words/cmtrh9r45009x9k5k84kkcgx7.jpg (vocabulary شَرّ)
chapter-18-lesson-01.json,ch18-l01,7,18,WORD,يُوَسْوِسُ,images/words/cmtvrdagz00ce585kiwe3usa6.jpg (vocabulary يُوَسْوِسُ)
chapter-18-lesson-06-review.json,ch18-l06,2,18,WORD,أَعُوذُ,images/words/cmtvrdagy007z585kytk8s5me.jpg (vocabulary أَعُوذُ)
chapter-18-lesson-06-review.json,ch18-l06,3,18,WORD,النَّاسُ,images/words/cmtrh9nn5001e9k5k66fo226g.jpg (vocabulary ناس)
chapter-18-lesson-06-review.json,ch18-l06,7,18,WORD,الْجِنَّةُ,images/words/cmtvrdagz00cf585k9ybml61o.jpg (vocabulary جِنَّة)
chapter-19-lesson-01.json,ch19-l01,1,19,CONCEPT,كِتَابِي، رَبِّي,images/discover/ch07-my-objects.webp
chapter-19-lesson-01.json,ch19-l01,4,19,WORD,الْفَلَقُ,images/words/cmtvrdah000cg585k8tafgh6e.jpg (vocabulary الْفَلَق)
chapter-19-lesson-02.json,ch19-l02,1,19,CONCEPT,كِتَابُهُ,images/discover/ch07-his-her-owners.webp
chapter-19-lesson-02.json,ch19-l02,9,19,WORD,إِذَا,images/words/cmtrh9nn4000o9k5kv3iz760g.jpg (vocabulary إِذا)
chapter-19-lesson-02.json,ch19-l02,10,19,WORD,وَقَبَ,images/words/cmtvrdah000ck585k1xplaz0k.jpg (vocabulary وَقَبَ)
chapter-19-lesson-03.json,ch19-l03,1,19,CONTRAST,مَدْرَسَةٌ / مَدْرَسَتُهَا,images/discover/ch07-his-her-owners.webp
chapter-19-lesson-03.json,ch19-l03,8,19,WORD,حَسَدَ,images/words/cmtvrdah000cn585ktylu46kg.jpg (vocabulary حَسَدَ)
chapter-19-lesson-04.json,ch19-l04,5,19,CONTRAST,كِتَابُكَ / كِتَابُكِ,images/discover/ch07-two-listeners.webp
chapter-20-lesson-02.json,ch20-l02,1,20,CONTRAST,"كِتَابُكَ / كِتَابُكِ",images/discover/ch07-two-listeners.webp
chapter-20-lesson-04.json,ch20-l04,1,20,CONTRAST,"أَنْتُمْ / أَنْتُنَّ",images/discover/ch10-you-all-facing-group.webp
chapter-20-lesson-05.json,ch20-l05,1,20,CONTRAST,"هُمْ / هُنَّ",images/discover/ch10-they-two-groups.webp
chapter-23-lesson-04.json,ch23-l04,4,23,AYAH_PREVIEW,"قُلْ أَعُوذُ بِرَبِّ الْفَلَقِ",images/discover/ch19-daybreak.webp
