filename,word_id,group,arabic,transliteration,english,urdu,type
ma-what-transparent.png,cmtrh9nn400029k5kel0kyfq9,Core 500 · Set 1,ما,mā,what; not,کیا، جو؛ نہیں,PARTICLE
la-no-transparent.png,cmtrh9nn400049k5k3xt96fjb,Core 500 · Set 1,لا,lā,"no, not",نہیں,PARTICLE
inna-indeed-transparent.png,cmtrh9nn400059k5k4zuregz9,Core 500 · Set 2,إِنَّ,inna,"indeed, truly",بےشک,PARTICLE
kana-be-transparent.png,cmtrh9nn400099k5kxsith6u4,Core 500 · Set 2,كانَ,kāna,to be,ہونا,VERB_PAST
li-for-transparent.png,cmtrh9nn4000a9k5kyocvd424,Core 500 · Set 3,لِ,li,"for, to, belonging to",کے لیے,PARTICLE
dha-this-transparent.png,cmtrh9nn4000b9k5kzvdutn7l,Core 500 · Set 3,ذا,dhā,this,یہ,PARTICLE
in-if-transparent.png,cmtrh9nn4000f9k5kdrxxdg5u,Core 500 · Set 4,إِن,in,if,اگر,PARTICLE
illa-except-transparent.png,cmtrh9nn4000g9k5k19cg15p5,Core 500 · Set 4,إِلَّا,illā,"except, unless",سوائے، مگر,PARTICLE
an-that-transparent.png,cmtrh9nn4000h9k5khcn4wmso,Core 500 · Set 4,أَن,an,"that, to (before a verb)",کہ,PARTICLE
amana-believe-transparent.png,cmtrh9nn4000i9k5kxvas0aqt,Core 500 · Set 4,آمَنَ,āmana,"to believe, to have faith",ایمان لانا,VERB_PAST
an-from-transparent.png,cmtrh9nn4000m9k5kmexw3y9m,Core 500 · Set 5,عَن,ʿan,"from, about, away from",سے، کے بارے میں,PARTICLE
qad-indeed-transparent.png,cmtrh9nn4000p9k5kyjlgsv91,Core 500 · Set 6,قَد,qad,"indeed, already",یقیناً، بےشک,PARTICLE
qawm-people-transparent.png,cmtrh9nn4000q9k5klxhix4is,Core 500 · Set 6,قَوْم,qawm,"people, folk, nation",قوم,NOUN
alima-know-transparent.png,cmtrh9nn4000r9k5keswcc4b5,Core 500 · Set 6,عَلِمَ,ʿalima,to know,جاننا,VERB_PAST
anna-that-transparent.png,cmtrh9nn4000t9k5k7r037m4z,Core 500 · Set 6,أَنَّ,anna,that,کہ,PARTICLE
lam-did-not-transparent.png,cmtrh9nn4000v9k5k5k56z0qq,Core 500 · Set 7,لَم,lam,did not,نہیں,PARTICLE
jaala-make-transparent.png,cmtrh9nn4000w9k5kvcdk3rul,Core 500 · Set 7,جَعَلَ,jaʿala,"to make, to place",بنانا، رکھنا,VERB_PAST
shay-thing-transparent.png,cmtrh9nn400139k5k28rk785x,Core 500 · Set 8,شَيْء,shayʾ,thing,چیز,NOUN
aw-or-transparent.png,cmtrh9nn400149k5knlr76mm0,Core 500 · Set 9,أَو,aw,or,یا,PARTICLE
bayn-between-transparent.png,cmtrh9nn400199k5kaefeajn6,Core 500 · Set 10,بَيْن,bayn,"between, among",درمیان,PARTICLE
ata-come-transparent.png,cmtrh9nn4001a9k5kzovkkf0f,Core 500 · Set 10,أَتَى,atā,"to come, to arrive",آنا,VERB_PAST
idh-when-transparent.png,cmtrh9nn5001f9k5ka652o7mu,Core 500 · Set 11,إِذ,idh,when (in the past),جب,PARTICLE
shaa-will-transparent.png,cmtrh9nn5001g9k5kuno99w4e,Core 500 · Set 11,شاءَ,shāʾa,"to will, to wish",چاہنا,VERB_PAST
ayy-which-transparent.png,cmtrh9nn5001h9k5kcgdfbn23,Core 500 · Set 11,أَيّ,ayy,"which, whichever",کون سا,NOUN
law-if-transparent.png,cmtrh9nn5001j9k5ko7d0of8w,Core 500 · Set 12,لَو,law,if (were it so),اگر,PARTICLE
ind-with-transparent.png,cmtrh9nn5001l9k5koluytqka,Core 500 · Set 12,عِند,ʿind,"with, near, in the sight of",پاس، نزدیک,PARTICLE
kadhdhaba-deny-transparent.png,cmtrh9nn5001p9k5ki69lb1vn,Core 500 · Set 13,كَذَّبَ,kadhdhaba,"to deny, to call a lie",جھٹلانا,VERB_PAST
ittaqa-be-mindful-of-transparent.png,cmtrh9nn5001s9k5kl76s7ut0,Core 500 · Set 13,اتَّقَى,ittaqā,"to be mindful of God, to fear Him",تقویٰ اختیار کرنا، ڈرنا,VERB_PAST
lamma-when-transparent.png,cmtrh9nn5001u9k5k05cvnyrl,Core 500 · Set 14,لَمّا,lammā,when; not yet,جب؛ ابھی نہیں,PARTICLE
maa-with-transparent.png,cmtrh9nn5001v9k5ksgi5qfqu,Core 500 · Set 14,مَعَ,maʿa,"with, together with",ساتھ,PARTICLE
bad-some-transparent.png,cmtrh9nn5001x9k5kx4iatwb9,Core 500 · Set 14,بَعْض,baʿḍ,"some, part of, one another",بعض، کچھ,NOUN
dhu-possessor-of-transparent.png,cmtrh9nn5001z9k5kfz4kdy6b,Core 500 · Set 15,ذُو,dhū,"possessor of, owner of",والا، مالک,NOUN
ghayr-other-than-transparent.png,cmtrh9nn500219k5kw2wukash,Core 500 · Set 15,غَيْر,ghayr,"other than, without",کے سوا، بغیر,NOUN
dun-besides-transparent.png,cmtrh9nn500269k5kcurhb1v0,Core 500 · Set 16,دُون,dūn,"besides, other than, short of",سوا، کے علاوہ,NOUN
hatta-until-transparent.png,cmtrh9nn500279k5k1c9scnze,Core 500 · Set 16,حَتَّى,ḥattā,"until, so that",یہاں تک کہ,PARTICLE
arada-want-transparent.png,cmtrh9nn500289k5kbii5rimb,Core 500 · Set 17,أَرادَ,arāda,"to want, to intend",ارادہ کرنا، چاہنا,VERB_PAST
am-or-transparent.png,cmtrh9nn500299k5kbuc6d7zy,Core 500 · Set 17,أَم,am,or (in questions),یا,PARTICLE
ittabaa-follow-transparent.png,cmtrh9nn5002b9k5k0a6tk03l,Core 500 · Set 17,اتَّبَعَ,ittabaʿa,to follow,پیروی کرنا,VERB_PAST
laalla-so-that-transparent.png,cmtrh9nn5002f9k5k6s1eglmn,Core 500 · Set 18,لَعَلَّ,laʿalla,"so that, perhaps",تاکہ، شاید,PARTICLE
bal-rather-transparent.png,cmtrh9nn5002i9k5kwos7s0fp,Core 500 · Set 19,بَل,bal,"rather, on the contrary",بلکہ,PARTICLE
ahl-people-of-transparent.png,cmtrh9nn5002j9k5kjgp72vj2,Core 500 · Set 19,أَهْل,ahl,"people of, family, folk",اہل، والے,NOUN
ittakhadha-take-for-oneself-transparent.png,cmtrh9nn5002k9k5k4y2swrm0,Core 500 · Set 19,اتَّخَذَ,ittakhadha,"to take for oneself, to adopt",بنا لینا,VERB_PAST
mubin-clear-transparent.png,cmtrh9nn5002n9k5k9ciutrid,Core 500 · Set 20,مُبِين,mubīn,"clear, manifest",واضح، کھلا,NOUN
zalama-wrong-transparent.png,cmtrh9nn5002r9k5k6msl394x,Core 500 · Set 20,ظَلَمَ,ẓalama,"to wrong, to oppress",ظلم کرنا,VERB_PAST
azim-great-transparent.png,cmtrh9p44002s9k5kzmri7nwy,Core 500 · Set 21,عَظِيم,ʿaẓīm,"great, mighty",عظیم، بڑا,ADJECTIVE
lan-will-never-transparent.png,cmtrh9p44002x9k5kgk31up9i,Core 500 · Set 22,لَن,lan,will never,ہرگز نہیں,PARTICLE
fa-then-transparent.png,cmtrh9p44002y9k5ktx2d8pus,Core 500 · Set 22,فَ,fa,"then, so",پس، تو,PARTICLE
aziz-almighty-transparent.png,cmtrh9p44002z9k5k3sc557kp,Core 500 · Set 22,عَزِيز,ʿazīz,"almighty, mighty, precious",غالب، زبردست,NOUN
akhraja-bring-out-transparent.png,cmtrh9p4500309k5k6jrkgxeo,Core 500 · Set 22,أَخْرَجَ,akhraja,"to bring out, to expel",نکالنا,VERB_PAST
hal-is-do-transparent.png,cmtrh9p4500339k5kwqodi3q6,Core 500 · Set 23,هَل,hal,is? do? (question word),کیا؟,PARTICLE
qawl-word-transparent.png,cmtrh9p4500359k5kz3jjl8er,Core 500 · Set 23,قَوْل,qawl,"word, saying, speech",قول، بات,NOUN
laysa-not-be-transparent.png,cmtrh9p4500379k5k8by2k9f1,Core 500 · Set 24,لَيْسَ,laysa,to not be,نہیں ہے,VERB_PAST
shaytan-satan-transparent.png,cmtrh9p4500389k5kfcvou2lc,Core 500 · Set 24,شَيْطان,shayṭān,"Satan, devil",شیطان,PROPER_NOUN
mathal-example-transparent.png,cmtrh9p4500399k5kqxvtda3d,Core 500 · Set 24,مَثَل,mathal,"example, parable, likeness",مثال,NOUN
dhakara-remember-transparent.png,cmtrh9p45003g9k5kmq1aaifo,Core 500 · Set 25,ذَكَرَ,dhakara,"to remember, to mention",یاد کرنا، ذکر کرنا,VERB_PAST
kayf-how-transparent.png,cmtrh9p45003k9k5kzgg3fzog,Core 500 · Set 26,كَيْف,kayf,how,کیسے,NOUN
qatala-kill-transparent.png,cmtrh9p45003l9k5kuer0fpuc,Core 500 · Set 26,قَتَلَ,qatala,to kill,قتل کرنا,VERB_PAST
bunayy-my-dear-son-transparent.png,cmtrh9p45003o9k5kgk8kx9ix,Core 500 · Set 27,بُنَيّ,bunayy,my dear son (affectionate),میرے بیٹے,NOUN
akthar-most-transparent.png,cmtrh9p45003p9k5kvff3c8z5,Core 500 · Set 27,أَكْثَر,akthar,"most, the majority",اکثر، زیادہ تر,NOUN
ashab-companions-transparent.png,cmtrh9p46003r9k5k36tk44j1,Core 500 · Set 28,أَصْحاب,aṣḥāb,"companions, people of",ساتھی، والے,NOUN
tawalla-turn-away-transparent.png,cmtrh9p46003s9k5k9d2mke05,Core 500 · Set 28,تَوَلَّى,tawallā,to turn away; to take charge of,منہ پھیرنا,VERB_PAST
jahannam-hell-transparent.png,cmtrh9p46003v9k5kb42xniuc,Core 500 · Set 28,جَهَنَّم,jahannam,Hell,جہنم,PROPER_NOUN
mithl-like-transparent.png,cmtrh9p4600409k5k9xfyl4cg,Core 500 · Set 29,مِثْل,mithl,"like, similar to",جیسا، مانند,NOUN
lawla-if-not-transparent.png,cmtrh9p4600429k5krv95k6wj,Core 500 · Set 30,لَوْلا,lawlā,"if not, were it not for",اگر نہ ہوتا,PARTICLE
khalid-abiding-forever-transparent.png,cmtrh9p4600449k5ktj91jot5,Core 500 · Set 30,خالِد,khālid,"abiding forever, eternal",ہمیشہ رہنے والا,NOUN
firawn-pharaoh-transparent.png,cmtrh9p4600459k5k1ab4wa6o,Core 500 · Set 30,فِرْعَوْن,Firʿawn,Pharaoh,فرعون,PROPER_NOUN
ahad-one-transparent.png,cmtrh9p4600479k5kq3kte0ji,Core 500 · Set 31,أَحَد,aḥad,"one, anyone",ایک، کوئی,NOUN
alam-world-transparent.png,cmtrh9p4600489k5kvi14uqw8,Core 500 · Set 31,عالَم,ʿālam,"world, realm",جہان، عالم,NOUN
alim-painful-transparent.png,cmtrh9p46004a9k5ktfrqt1kk,Core 500 · Set 31,أَلِيم,alīm,painful,دردناک,ADJECTIVE
ataa-obey-transparent.png,cmtrh9p46004c9k5kn6komd44,Core 500 · Set 32,أَطاعَ,aṭāʿa,to obey,اطاعت کرنا,VERB_PAST
awha-reveal-transparent.png,cmtrh9p46004d9k5kxcnprjpd,Core 500 · Set 32,أَوْحَى,awḥā,"to reveal, to inspire",وحی کرنا,VERB_PAST
bayyinah-clear-proof-transparent.png,cmtrh9p46004f9k5kbna17cpl,Core 500 · Set 32,بَيِّنَة,bayyinah,"clear proof, evidence",کھلی دلیل,NOUN
ashraka-associate-partners-with-transparent.png,cmtrh9p46004g9k5k91e0qg8t,Core 500 · Set 33,أَشْرَكَ,ashraka,to associate partners with God,شرک کرنا,VERB_PAST
alqa-throw-transparent.png,cmtrh9p46004i9k5kk7vavydq,Core 500 · Set 33,أَلْقَى,alqā,"to throw, to cast",ڈالنا، پھینکنا,VERB_PAST
qiyamah-resurrection-transparent.png,cmtrh9p46004k9k5k5rdgpclu,Core 500 · Set 33,قِيامَة,qiyāmah,resurrection,قیامت,NOUN
akhar-another-transparent.png,cmtrh9p46004l9k5ktg1atqy8,Core 500 · Set 34,آخَر,ākhar,"another, other",دوسرا,NOUN
waada-promise-transparent.png,cmtrh9p46004n9k5khcwvo5bc,Core 500 · Set 34,وَعَدَ,waʿada,to promise,وعدہ کرنا,VERB_PAST
lakin-but-transparent.png,cmtrh9p46004q9k5k3vm2x1h2,Core 500 · Set 35,لٰكِن,lākin,"but, however",لیکن,PARTICLE
lakinna-but-transparent.png,cmtrh9p46004s9k5k0kv4kwge,Core 500 · Set 35,لٰكِنَّ,lākinna,but (emphatic),لیکن,PARTICLE
adalla-lead-astray-transparent.png,cmtrh9p46004v9k5kr3q47fvr,Core 500 · Set 36,أَضَلَّ,aḍalla,to lead astray,گمراہ کرنا,VERB_PAST
ummah-community-transparent.png,cmtrh9p46004w9k5k638nzodv,Core 500 · Set 36,أُمَّة,ummah,"community, nation",امت,NOUN
aba-fathers-transparent.png,cmtrh9p46004x9k5k6vxvi6wg,Core 500 · Set 36,آباء,ābāʾ,"fathers, forefathers",آباء، باپ دادا,NOUN
asaba-befall-transparent.png,cmtrh9p46004y9k5kip86ugky,Core 500 · Set 36,أَصابَ,aṣāba,"to befall, to strike",پہنچنا، آ پڑنا,VERB_PAST
nazzala-send-down-transparent.png,cmtrh9p4600549k5kz9kdd46z,Core 500 · Set 37,نَزَّلَ,nazzala,to send down (gradually),نازل کرنا,VERB_PAST
salihah-righteous-transparent.png,cmtrh9p4600559k5kjsalawai,Core 500 · Set 38,صالِحَة,ṣāliḥah,righteous (feminine); good deed,نیک عمل,NOUN
kasaba-earn-transparent.png,cmtrh9p4600569k5knclyu9t5,Core 500 · Set 38,كَسَبَ,kasaba,"to earn, to acquire",کمانا,VERB_PAST
tala-recite-transparent.png,cmtrh9p4600589k5kq2a76qpk,Core 500 · Set 38,تَلا,talā,to recite; to follow,تلاوت کرنا,VERB_PAST
nisa-women-transparent.png,cmtrh9p46005b9k5kq9nltx30,Core 500 · Set 39,نِساء,nisāʾ,women,عورتیں,NOUN
qada-decree-transparent.png,cmtrh9p46005c9k5k9scrokd0,Core 500 · Set 39,قَضَى,qaḍā,"to decree, to decide, to complete",فیصلہ کرنا,VERB_PAST
sabara-be-patient-transparent.png,cmtrh9p46005d9k5kws1ybzpa,Core 500 · Set 39,صَبَرَ,ṣabara,"to be patient, to endure",صبر کرنا,VERB_PAST
sayyiah-evil-deed-transparent.png,cmtrh9p46005e9k5kbdwvfbco,Core 500 · Set 39,سَيِّئَة,sayyiʾah,"evil deed, bad thing",برائی,NOUN
nadhir-warner-transparent.png,cmtrh9p47005f9k5k3h2iaeqp,Core 500 · Set 40,نَذِير,nadhīr,warner,ڈرانے والا,NOUN
jara-flow-transparent.png,cmtrh9p47005h9k5kisrjweuz,Core 500 · Set 40,جَرَى,jarā,"to flow, to run",بہنا,VERB_PAST
qaryah-town-transparent.png,cmtrh9p47005i9k5k5rnzci6r,Core 500 · Set 40,قَرْيَة,qaryah,"town, village",بستی,NOUN
shahid-witness-martyr-transparent.png,cmtrh9qrt005l9k5k6m5tbdry,Core 500 · Set 41,شَهِيد,shahīd,witness,گواہ,NOUN
massa-touch-transparent.png,cmtrh9qrt005m9k5kvod2kp0o,Core 500 · Set 41,مَسَّ,massa,"to touch, to afflict",چھونا، پہنچنا,VERB_PAST
shadid-severe-transparent.png,cmtrh9qrt005o9k5k2t90boux,Core 500 · Set 41,شَدِيد,shadīd,"severe, intense",سخت,ADJECTIVE
nahar-river-transparent.png,cmtrh9qrt005t9k5kft03b7kb,Core 500 · Set 42,نَهَر,nahar,river,نہر، دریا,NOUN
qatala-fight-transparent.png,cmtrh9qrt005u9k5kfvcxptab,Core 500 · Set 43,قاتَلَ,qātala,to fight,لڑنا، جنگ کرنا,VERB_PAST
jami-all-transparent.png,cmtrh9qrt005v9k5kxp5ghyiv,Core 500 · Set 43,جَمِيع,jamīʿ,"all, altogether",سب، تمام,NOUN
dalla-go-astray-transparent.png,cmtrh9qrt005x9k5k5ee99mex,Core 500 · Set 43,ضَلَّ,ḍalla,"to go astray, to stray",گمراہ ہونا، بھٹکنا,VERB_PAST
khalq-creation-transparent.png,cmtrh9qrt005z9k5khzj3sh9p,Core 500 · Set 44,خَلْق,khalq,creation,خلق، پیدائش,NOUN
mujrim-criminal-transparent.png,cmtrh9qrt00619k5k65q1ph2x,Core 500 · Set 44,مُجْرِم,mujrim,"criminal, sinner",مجرم,NOUN
taht-under-transparent.png,cmtrh9qrt00629k5k74h8bkpa,Core 500 · Set 44,تَحْت,taḥt,"under, beneath",نیچے,NOUN
ahya-give-life-transparent.png,cmtrh9qrt00639k5k55zbqmoh,Core 500 · Set 44,أَحْيا,aḥyā,"to give life, to revive",زندہ کرنا,VERB_PAST
ahlaka-destroy-transparent.png,cmtrh9qrt00659k5ki0fzo1o7,Core 500 · Set 45,أَهْلَكَ,ahlaka,to destroy,ہلاک کرنا,VERB_PAST
tadhakkara-take-heed-transparent.png,cmtrh9qrt00669k5ks9t5tdme,Core 500 · Set 45,تَذَكَّرَ,tadhakkara,"to take heed, to recollect",نصیحت پکڑنا,VERB_PAST
nimah-blessing-transparent.png,cmtrh9qrt00699k5k8fge0sma,Core 500 · Set 46,نِعْمَة,niʿmah,"blessing, favour",نعمت,NOUN
su-evil-transparent.png,cmtrh9qrt006a9k5k4bedjot0,Core 500 · Set 46,سُوء,sūʾ,"evil, harm",برائی,NOUN
iftara-fabricate-transparent.png,cmtrh9qrt006b9k5kpwd2hwzo,Core 500 · Set 46,افْتَرَى,iftarā,"to fabricate, to invent (a lie)",جھوٹ گھڑنا,VERB_PAST
muttaqi-godconscious-one-transparent.png,cmtrh9qrt006c9k5kpse33h45,Core 500 · Set 46,مُتَّقِي,muttaqī,"God-conscious one, the righteous",پرہیزگار، متقی,NOUN
zada-increase-transparent.png,cmtrh9qrt006e9k5kk02axwgn,Core 500 · Set 47,زادَ,zāda,"to increase, to add",بڑھنا، بڑھانا,VERB_PAST
aqala-reason-transparent.png,cmtrh9qrt006f9k5kjpn7cyvi,Core 500 · Set 47,عَقَلَ,ʿaqala,"to reason, to understand",عقل سے کام لینا، سمجھنا,VERB_PAST
alam-most-knowing-transparent.png,cmtrh9qrt006h9k5kh0mt1zl7,Core 500 · Set 47,أَعْلَم,aʿlam,most knowing,خوب جاننے والا,NOUN
wad-promise-transparent.png,cmtrh9qrt006i9k5ksigmeg3g,Core 500 · Set 47,وَعْد,waʿd,promise,وعدہ,NOUN
basar-sight-transparent.png,cmtrh9qrt006j9k5k8gb5kvqn,Core 500 · Set 48,بَصَر,baṣar,"sight, vision",نگاہ، بینائی,NOUN
dar-home-transparent.png,cmtrh9qrt006k9k5klhquy4as,Core 500 · Set 48,دار,dār,"home, abode",گھر، ٹھکانہ,NOUN
mulk-dominion-transparent.png,cmtrh9qrt006l9k5kqshfhjng,Core 500 · Set 48,مُلْك,mulk,"dominion, sovereignty",بادشاہت، ملک,NOUN
saah-hour-transparent.png,cmtrh9qrt006m9k5kogr5v7by,Core 500 · Set 48,ساعَة,sāʿah,hour; the Hour,گھڑی؛ قیامت,NOUN
zanna-think-transparent.png,cmtrh9qrt006n9k5kfwf4d9iv,Core 500 · Set 48,ظَنَّ,ẓanna,"to think, to assume",گمان کرنا، سمجھنا,VERB_PAST
shakara-be-grateful-transparent.png,cmtrh9qrt006p9k5kos57juyw,Core 500 · Set 49,شَكَرَ,shakara,"to be grateful, to thank",شکر کرنا,VERB_PAST
nabbaa-inform-transparent.png,cmtrh9qrt006q9k5khqgvk2vu,Core 500 · Set 49,نَبَّأَ,nabbaʾa,"to inform, to tell",خبر دینا، بتانا,VERB_PAST
hakama-judge-transparent.png,cmtrh9qrt006v9k5kw5yc0lv6,Core 500 · Set 50,حَكَمَ,ḥakama,"to judge, to rule",فیصلہ کرنا,VERB_PAST
yadhar-leave-transparent.png,cmtrh9qrt006w9k5kzyf2nlso,Core 500 · Set 50,يَذَر,yadhar,"to leave, to forsake",چھوڑنا,VERB_PAST
khabir-allaware-transparent.png,cmtrh9qrt006x9k5kp78icw67,Core 500 · Set 50,خَبِير,khabīr,all-aware,باخبر,ADJECTIVE
andhara-warn-transparent.png,cmtrh9qrt006y9k5kbzt2fc10,Core 500 · Set 51,أَنذَرَ,andhara,to warn,ڈرانا، خبردار کرنا,VERB_PAST
shahida-bear-witness-transparent.png,cmtrh9qrt006z9k5kfsvaggf9,Core 500 · Set 51,شَهِدَ,shahida,"to bear witness, to testify",گواہی دینا,VERB_PAST
mushrik-one-who-associates-transparent.png,cmtrh9qrt00709k5kjgow2lev,Core 500 · Set 51,مُشْرِك,mushrik,one who associates partners with God,مشرک,NOUN
hasiba-think-transparent.png,cmtrh9qrt00719k5k8cdlqcq5,Core 500 · Set 51,حَسِبَ,ḥasiba,"to think, to reckon",سمجھنا، گمان کرنا,VERB_PAST
nada-call-out-transparent.png,cmtrh9qrt00739k5kaaz0aarz,Core 500 · Set 52,نادَى,nādā,to call out,پکارنا,VERB_PAST
malaka-own-transparent.png,cmtrh9qrt00749k5kf626cc0e,Core 500 · Set 52,مَلَكَ,malaka,"to own, to possess",مالک ہونا,VERB_PAST
israil-israel-transparent.png,cmtrh9qrt00779k5kijjfekyk,Core 500 · Set 52,إِسْرائِيل,Isrāʾīl,Israel,اسرائیل,PROPER_NOUN
sabbaha-glorify-transparent.png,cmtrh9qrt00799k5kr6xb3d4p,Core 500 · Set 53,سَبَّحَ,sabbaḥa,"to glorify, to declare God free of fault",تسبیح کرنا,VERB_PAST
kalimah-word-transparent.png,cmtrh9qrt007a9k5kb2namcvj,Core 500 · Set 53,كَلِمَة,kalimah,word,کلمہ، بات,NOUN
istataa-be-able-to-transparent.png,cmtrh9qrt007c9k5ktao98ru1,Core 500 · Set 53,اسْتَطاعَ,istaṭāʿa,to be able to,قدرت رکھنا، کر سکنا,VERB_PAST
adkhala-admit-transparent.png,cmtrh9qrt007d9k5kxoii8xvj,Core 500 · Set 54,أَدْخَلَ,adkhala,"to admit, to cause to enter",داخل کرنا,VERB_PAST
sawfa-will-transparent.png,cmtrh9qrt007e9k5k5u40ts7o,Core 500 · Set 54,سَوْف,sawfa,"will, shall (future)",عنقریب,PARTICLE
salam-peace-transparent.png,cmtrh9qrt007f9k5k1t4ppkiy,Core 500 · Set 54,سَلام,salām,peace,سلامتی,NOUN
fawq-above-transparent.png,cmtrh9qrt007g9k5k7e2rxxrz,Core 500 · Set 54,فَوْق,fawq,"above, over",اوپر,NOUN
allama-teach-transparent.png,cmtrh9qrt007h9k5kgs5wm3p4,Core 500 · Set 54,عَلَّمَ,ʿallama,to teach,سکھانا,VERB_PAST
adhdhaba-punish-transparent.png,cmtrh9qrt007l9k5k75qajhoh,Core 500 · Set 55,عَذَّبَ,ʿadhdhaba,"to punish, to torment",عذاب دینا,VERB_PAST
taraka-leave-transparent.png,cmtrh9qrt007m9k5kbd7jr5mt,Core 500 · Set 55,تَرَكَ,taraka,"to leave, to abandon",چھوڑنا,VERB_PAST
istakbara-be-arrogant-transparent.png,cmtrh9qrt007n9k5kjfuy5cbd,Core 500 · Set 56,اسْتَكْبَرَ,istakbara,to be arrogant,تکبر کرنا,VERB_PAST
ihtada-be-guided-transparent.png,cmtrh9qrt007o9k5k03renf3f,Core 500 · Set 56,اهْتَدَى,ihtadā,"to be guided, to find the way",ہدایت پانا,VERB_PAST
ara-show-transparent.png,cmtrh9qrt007p9k5klmqgaeyx,Core 500 · Set 56,أَرَى,arā,to show,دکھانا,VERB_PAST
wayl-woe-transparent.png,cmtrh9qrt007q9k5kfgsufbfk,Core 500 · Set 56,وَيْل,wayl,woe,ہلاکت، خرابی,NOUN
bisa-how-wretched-is-transparent.png,cmtrh9qrt007r9k5kb4hi7g62,Core 500 · Set 56,بِئْسَ,biʾsa,"how wretched is, evil is",برا ہے,VERB_PAST
khashiya-fear-transparent.png,cmtrh9qrt007s9k5kueburibu,Core 500 · Set 57,خَشِيَ,khashiya,"to fear, to be in awe of",ڈرنا,VERB_PAST
balagha-reach-transparent.png,cmtrh9qrt007t9k5kcjfrruwp,Core 500 · Set 57,بَلَغَ,balagha,"to reach, to attain",پہنچنا,VERB_PAST
istaghfara-seek-forgiveness-transparent.png,cmtrh9qrt007u9k5ki7hccbue,Core 500 · Set 57,اسْتَغْفَرَ,istaghfara,to seek forgiveness,مغفرت مانگنا,VERB_PAST
kabir-great-transparent.png,cmtrh9qrt007v9k5kt9xhz95v,Core 500 · Set 57,كَبِير,kabīr,"great, big",بڑا,ADJECTIVE
tawakkala-put-ones-trust-transparent.png,cmtrh9qrt007w9k5kug2tdrc4,Core 500 · Set 57,تَوَكَّلَ,tawakkala,to put one's trust (in God),بھروسہ کرنا، توکل کرنا,VERB_PAST
sharik-partner-transparent.png,cmtrh9qrt007x9k5ki65xsa56,Core 500 · Set 58,شَرِيك,sharīk,"partner, associate",شریک، ساجھی,NOUN
ism-name-transparent.png,cmtrh9qrt007y9k5krt07g0z7,Core 500 · Set 58,اسْم,ism,name,نام,NOUN
idhn-permission-transparent.png,cmtrh9qrt00809k5ke54d9ae4,Core 500 · Set 58,إِذْن,idhn,"permission, leave",اجازت,NOUN
harrama-forbid-transparent.png,cmtrh9qrt00839k5kbf0fn6lt,Core 500 · Set 59,حَرَّمَ,ḥarrama,"to forbid, to make unlawful",حرام کرنا,VERB_PAST
bashshara-give-glad-tidings-transparent.png,cmtrh9qru00869k5klwtvgql2,Core 500 · Set 59,بَشَّرَ,bashshara,to give glad tidings,خوشخبری دینا,VERB_PAST
mayyit-dead-transparent.png,cmtrh9qru00879k5kelzvwrmb,Core 500 · Set 60,مَيِّت,mayyit,dead,مردہ,NOUN
muhsin-doer-of-good-transparent.png,cmtrh9qru00889k5k6giolmds,Core 500 · Set 60,مُحْسِن,muḥsin,doer of good,نیکی کرنے والا,NOUN
radiya-be-pleased-transparent.png,cmtrh9qru00899k5kltrgwtu5,Core 500 · Set 60,رَضِيَ,raḍiya,"to be pleased, to be content",راضی ہونا,VERB_PAST
maruf-what-is-right-transparent.png,cmtrh9qru008a9k5kdy04irct,Core 500 · Set 60,مَعْرُوف,maʿrūf,"what is right, honourable, kind",نیکی، بھلی بات,NOUN
dalal-error-transparent.png,cmtrh9qru008b9k5ku304zwj0,Core 500 · Set 60,ضَلال,ḍalāl,"error, misguidance",گمراہی,NOUN
fasiq-defiantly-disobedient-transparent.png,cmtrh9r45008d9k5kx0o68kgt,Core 500 · Set 61,فاسِق,fāsiq,"defiantly disobedient, transgressor",نافرمان، فاسق,NOUN
hazina-grieve-transparent.png,cmtrh9r45008e9k5ki7k66yk7,Core 500 · Set 61,حَزِنَ,ḥazina,"to grieve, to be sad",غمگین ہونا,VERB_PAST
najja-save-transparent.png,cmtrh9r45008f9k5k6xq1yot2,Core 500 · Set 61,نَجَّى,najjā,"to save, to deliver",نجات دینا، بچانا,VERB_PAST
asa-staff-transparent.png,cmtrh9r45008g9k5kx3ddehs5,Core 500 · Set 61,عَصا,ʿaṣā,"staff, stick",لاٹھی، عصا,VERB_PAST
hashara-gather-transparent.png,cmtrh9r45008i9k5k3u1oi9sn,Core 500 · Set 62,حَشَرَ,ḥashara,"to gather, to assemble",جمع کرنا,VERB_PAST
dhanb-sin-transparent.png,cmtrh9r45008j9k5k2fwankba,Core 500 · Set 62,ذَنْب,dhanb,"sin, fault",گناہ,NOUN
naam-cattle-transparent.png,cmtrh9r45008k9k5ktbar4ivj,Core 500 · Set 62,نَعَم,naʿam,"cattle, livestock",مویشی، چوپائے,NOUN
bashar-human-being-transparent.png,cmtrh9r45008l9k5kq9pcadyt,Core 500 · Set 62,بَشَر,bashar,"human being, mortal",بشر، انسان,NOUN
sadda-turn-away-transparent.png,cmtrh9r45008m9k5kh5l871b7,Core 500 · Set 63,صَدَّ,ṣadda,"to turn away, to hinder",روکنا,VERB_PAST
sultan-authority-transparent.png,cmtrh9r45008n9k5kx835s0mk,Core 500 · Set 63,سُلْطان,sulṭān,"authority, warrant",دلیل، اختیار,NOUN
radda-return-transparent.png,cmtrh9r45008o9k5kiygnekts,Core 500 · Set 63,رَدَّ,radda,"to return, to turn back",لوٹانا، پھیرنا,VERB_PAST
ahsan-best-transparent.png,cmtrh9r45008p9k5kat47a6qf,Core 500 · Set 63,أَحْسَن,aḥsan,"best, finest",بہترین,NOUN
dhaqa-taste-transparent.png,cmtrh9r45008q9k5k0tpr977z,Core 500 · Set 63,ذاقَ,dhāqa,to taste,چکھنا,VERB_PAST
istawa-be-equal-transparent.png,cmtrh9r45008s9k5k1p1atmvz,Core 500 · Set 64,اسْتَوَى,istawā,"to be equal; to settle, to rise over",برابر ہونا؛ قائم ہونا,VERB_PAST
hin-time-transparent.png,cmtrh9r45008v9k5khw3jlcf3,Core 500 · Set 64,حِين,ḥīn,"time, while",وقت، مدت,NOUN
nasiya-forget-transparent.png,cmtrh9r45008w9k5kkuwl6g9w,Core 500 · Set 65,نَسِيَ,nasiya,to forget,بھولنا,VERB_PAST
bayyana-make-clear-transparent.png,cmtrh9r45008x9k5klmd6bipc,Core 500 · Set 65,بَيَّنَ,bayyana,"to make clear, to explain",واضح کرنا، بیان کرنا,VERB_PAST
ithm-sin-transparent.png,cmtrh9r45008y9k5kkqyxg6g1,Core 500 · Set 65,إِثْم,ithm,sin,گناہ,NOUN
nasir-helper-transparent.png,cmtrh9r45008z9k5kvfbywhx3,Core 500 · Set 65,نَصِير,naṣīr,helper,مددگار,NOUN
ikhtalafa-differ-transparent.png,cmtrh9r4500909k5kkgd4eias,Core 500 · Set 65,اخْتَلَفَ,ikhtalafa,"to differ, to disagree",اختلاف کرنا,VERB_PAST
mursal-one-who-is-transparent.png,cmtrh9r4500919k5k06q369qv,Core 500 · Set 66,مُرْسَل,mursal,"one who is sent, messenger",بھیجا ہوا، رسول,NOUN
maryam-mary-transparent.png,cmtrh9r4500929k5kk0qds8rr,Core 500 · Set 66,مَرْيَم,Maryam,Mary,مریم,PROPER_NOUN
fitnah-trial-transparent.png,cmtrh9r4500939k5k7tqabmqt,Core 500 · Set 66,فِتْنَة,fitnah,"trial, temptation, persecution",آزمائش، فتنہ,NOUN
ibtagha-seek-transparent.png,cmtrh9r4500949k5klludad1a,Core 500 · Set 66,ابْتَغَى,ibtaghā,"to seek, to desire",تلاش کرنا، چاہنا,VERB_PAST
ala-favours-transparent.png,cmtrh9r4500969k5kxskurirp,Core 500 · Set 67,آلاء,ālāʾ,"favours, bounties",نعمتیں,NOUN
fariq-party-transparent.png,cmtrh9r4500989k5kvrnxkbja,Core 500 · Set 67,فَرِيق,farīq,"party, group",گروہ,NOUN
kadhib-lie-transparent.png,cmtrh9r45009b9k5kweec7oro,Core 500 · Set 68,كَذِب,kadhib,"lie, falsehood",جھوٹ,NOUN
kalla-no-indeed-transparent.png,cmtrh9r45009c9k5kzw60v8o0,Core 500 · Set 68,كَلّا,kallā,"no indeed, by no means",ہرگز نہیں,PARTICLE
khasir-loser-transparent.png,cmtrh9r45009d9k5ktu3he4cm,Core 500 · Set 68,خاسِر,khāsir,loser,نقصان اٹھانے والا,NOUN
dhurriyyah-offspring-transparent.png,cmtrh9r45009f9k5kau2klcc2,Core 500 · Set 68,ذُرِّيَّة,dhurriyyah,"offspring, descendants",اولاد، نسل,NOUN
kafa-suffice-transparent.png,cmtrh9r45009g9k5kfj893yvy,Core 500 · Set 69,كَفَى,kafā,"to suffice, to be enough",کافی ہونا,VERB_PAST
kadhib-liar-transparent.png,cmtrh9r45009h9k5kzqv0lzhy,Core 500 · Set 69,كاذِب,kādhib,liar,جھوٹا,NOUN
aqibah-outcome-transparent.png,cmtrh9r45009j9k5ko0shzjkr,Core 500 · Set 69,عاقِبَة,ʿāqibah,"outcome, final end",انجام,NOUN
arada-turn-away-transparent.png,cmtrh9r45009k9k5ko1fg8oi6,Core 500 · Set 69,أَعْرَضَ,aʿraḍa,"to turn away, to shun",منہ پھیرنا,VERB_PAST
hayth-where-transparent.png,cmtrh9r45009l9k5kfc8h7zhz,Core 500 · Set 70,حَيْث,ḥayth,"where, wherever",جہاں,PARTICLE
ashadd-stronger-transparent.png,cmtrh9r45009m9k5keb97vka0,Core 500 · Set 70,أَشَدّ,ashadd,"stronger, more severe",زیادہ سخت,NOUN
nafaa-benefit-transparent.png,cmtrh9r45009n9k5k6clgv6nt,Core 500 · Set 70,نَفَعَ,nafaʿa,"to benefit, to profit",فائدہ دینا,VERB_PAST
idhan-then-transparent.png,cmtrh9r45009o9k5kbm3t2om5,Core 500 · Set 70,إِذًا,idhan,"then, in that case",پھر، تب,PARTICLE
hasanah-good-deed-transparent.png,cmtrh9r45009p9k5kr09wm44n,Core 500 · Set 70,حَسَنَة,ḥasanah,"good deed, good thing",نیکی، بھلائی,NOUN
wahidah-one-transparent.png,cmtrh9r45009q9k5kvq5yrymi,Core 500 · Set 71,واحِدَة,wāḥidah,"one (feminine), single",ایک,NOUN
tayyibah-good-transparent.png,cmtrh9r45009r9k5ko7yx5nyv,Core 500 · Set 71,طَيِّبَة,ṭayyibah,"good, pure, wholesome (feminine)",پاکیزہ، اچھی,NOUN
quwwah-strength-transparent.png,cmtrh9r45009t9k5krlqwh99a,Core 500 · Set 71,قُوَّة,quwwah,"strength, power",قوت، طاقت,NOUN
walla-turn-transparent.png,cmtrh9r45009u9k5kl6p4uk2g,Core 500 · Set 71,وَلَّى,wallā,"to turn, to turn away",پھیرنا، منہ موڑنا,VERB_PAST
ad-aad-transparent.png,cmtrh9r45009v9k5klt73c0i7,Core 500 · Set 72,عاد,ʿĀd,Aad (an ancient people),قومِ عاد,PROPER_NOUN
asa-perhaps-transparent.png,cmtrh9r45009w9k5koevbc5u5,Core 500 · Set 72,عَسَى,ʿasā,"perhaps, it may be",شاید، امید ہے,VERB_PAST
mala-chiefs-transparent.png,cmtrh9r45009y9k5kqlvs4jpe,Core 500 · Set 72,مَلَأ,malaʾ,"chiefs, notables, assembly",سردار، اشرافیہ,NOUN
labitha-remain-transparent.png,cmtrh9r45009z9k5k575jfgar,Core 500 · Set 72,لَبِثَ,labitha,"to remain, to stay",ٹھہرنا، رہنا,VERB_PAST
hukm-judgement-transparent.png,cmtrh9r4500a09k5kyam58b5j,Core 500 · Set 73,حُكْم,ḥukm,"judgement, wisdom, authority",حکم، فیصلہ، حکمت,NOUN
karim-noble-transparent.png,cmtrh9r4500a29k5k8k16dum6,Core 500 · Set 73,كَرِيم,karīm,"noble, generous",کریم، بزرگ,ADJECTIVE
absara-see-transparent.png,cmtrh9r4500a39k5k8rpeo7w3,Core 500 · Set 73,أَبْصَرَ,abṣara,"to see, to perceive",دیکھنا,VERB_PAST
ahd-covenant-transparent.png,cmtrh9r4500a49k5klk18hq39,Core 500 · Set 73,عَهْد,ʿahd,"covenant, pledge",عہد، وعدہ,NOUN
kaanna-as-if-transparent.png,cmtrh9r4500a59k5kya9nj0pe,Core 500 · Set 74,كَأَنَّ,kaʾanna,"as if, as though",گویا، جیسے,PARTICLE
jund-host-transparent.png,cmtrh9r4500a79k5kxm51q8f5,Core 500 · Set 74,جُنْد,jund,"host, army, troops",لشکر، فوج,NOUN
naba-news-transparent.png,cmtrh9r4500aa9k5k4x3i5jra,Core 500 · Set 75,نَبَأ,nabaʾ,"news, tiding",خبر,NOUN
sihr-magic-transparent.png,cmtrh9r4500ac9k5k03mlnf23,Core 500 · Set 75,سِحْر,siḥr,"magic, sorcery",جادو,NOUN
masir-destination-transparent.png,cmtrh9r4500ae9k5ku52c1rtz,Core 500 · Set 75,مَصِير,maṣīr,"destination, final return",ٹھکانہ، انجام,NOUN
aslaha-set-right-transparent.png,cmtrh9r4500af9k5klivqspt1,Core 500 · Set 76,أَصْلَحَ,aṣlaḥa,"to set right, to reform, to reconcile",اصلاح کرنا، درست کرنا,VERB_PAST
maghfirah-forgiveness-transparent.png,cmtrh9r4500ag9k5klqb239cs,Core 500 · Set 76,مَغْفِرَة,maghfirah,forgiveness,مغفرت، بخشش,NOUN
istajaba-respond-transparent.png,cmtrh9r4500ah9k5kvi87u55n,Core 500 · Set 76,اسْتَجابَ,istajāba,"to respond, to answer (a call)",قبول کرنا، جواب دینا,VERB_PAST
muminah-believing-woman-transparent.png,cmtrh9r4500ai9k5kquack0t4,Core 500 · Set 76,مُؤْمِنَة,muʾminah,believing woman,مومن عورت,NOUN
anna-how-transparent.png,cmtrh9r4500aj9k5kwuertq1e,Core 500 · Set 76,أَنَّى,annā,"how, from where",کیسے، کہاں سے,PARTICLE
rijal-men-transparent.png,cmtrh9r4500ak9k5k1gi4yhxk,Core 500 · Set 77,رِجال,rijāl,men,مرد,NOUN
aghna-avail-transparent.png,cmtrh9r4500am9k5kcxw7lp3s,Core 500 · Set 77,أَغْنَى,aghnā,"to avail, to enrich, to suffice",کام آنا، بےنیاز کرنا,VERB_PAST
asbaha-become-transparent.png,cmtrh9r4500an9k5k4o2482t0,Core 500 · Set 77,أَصْبَحَ,aṣbaḥa,to become; to enter upon morning,ہو جانا؛ صبح کرنا,VERB_PAST
sawa-equal-transparent.png,cmtrh9r4500ap9k5kifpmx9gn,Core 500 · Set 78,سَواء,sawāʾ,"equal, alike; the same",برابر، یکساں,NOUN
afa-pardon-transparent.png,cmtrh9r4500aq9k5kh4evlbvr,Core 500 · Set 78,عَفا,ʿafā,"to pardon, to excuse",معاف کرنا,VERB_PAST
ghafil-heedless-transparent.png,cmtrh9r4500as9k5kn43gg58o,Core 500 · Set 78,غافِل,ghāfil,"heedless, unaware",غافل، بےخبر,NOUN
qaddama-send-forth-transparent.png,cmtrh9r4500at9k5k7xils6j6,Core 500 · Set 78,قَدَّمَ,qaddama,"to send forth, to put forward",آگے بھیجنا، پیش کرنا,VERB_PAST
aflaha-succeed-transparent.png,cmtrh9r4500au9k5kxyps698q,Core 500 · Set 79,أَفْلَحَ,aflaḥa,"to succeed, to prosper",کامیاب ہونا,VERB_PAST
jahada-strive-transparent.png,cmtrh9r4500av9k5ku1817uf7,Core 500 · Set 79,جاهَدَ,jāhada,"to strive, to struggle",جہاد کرنا، کوشش کرنا,VERB_PAST
makan-place-transparent.png,cmtrh9r4500aw9k5kz4n80aqf,Core 500 · Set 79,مَكان,makān,place,جگہ,NOUN
munafiq-hypocrite-transparent.png,cmtrh9r4500ax9k5kyjj13gws,Core 500 · Set 79,مُنافِق,munāfiq,hypocrite,منافق,NOUN
yusuf-joseph-transparent.png,cmtrh9r4500az9k5knhwt8i0q,Core 500 · Set 80,يُوسُف,Yūsuf,Joseph,یوسف,PROPER_NOUN
lut-lot-transparent.png,cmtrh9r4500b09k5k2b3lykht,Core 500 · Set 80,لُوط,Lūṭ,Lot,لوط,PROPER_NOUN
madha-what-transparent.png,cmtrh9r4500b19k5kh3xa1hhx,Core 500 · Set 80,ماذا,mādhā,what,کیا,PARTICLE
khawf-fear-transparent.png,cmtrh9r4500b29k5kwju1jcfi,Core 500 · Set 80,خَوْف,khawf,fear,خوف، ڈر,NOUN
jahim-blazing-fire-transparent.png,cmtrh9s3700b59k5k3kvob8z9,Core 500 · Set 81,جَحِيم,jaḥīm,"the blazing fire, Hellfire",جہنم، بھڑکتی آگ,NOUN
shahadah-testimony-transparent.png,cmtrh9s3700b69k5kj6roiyms,Core 500 · Set 81,شَهادَة,shahādah,"testimony, witnessing",گواہی، شہادت,NOUN
ajma-all-together-transparent.png,cmtrh9s3700b79k5kw1a8pu3q,Core 500 · Set 81,أَجْمَع,ajmaʿ,all together,سب کے سب,NOUN
zayyana-adorn-transparent.png,cmtrh9s3700b99k5k4owayxgw,Core 500 · Set 82,زَيَّنَ,zayyana,"to adorn, to make attractive",خوبصورت بنانا، آراستہ کرنا,VERB_PAST
imraah-woman-transparent.png,cmtrh9s3700ba9k5kqtxd7ry1,Core 500 · Set 82,امْرَأَة,imraʾah,"woman, wife",عورت، بیوی,NOUN
kayd-plot-transparent.png,cmtrh9s3700bb9k5kebnxkhgp,Core 500 · Set 82,كَيْد,kayd,"plot, scheme",چال، سازش,NOUN
thamud-thamud-transparent.png,cmtrh9s3700bc9k5kkv9lskct,Core 500 · Set 82,ثَمُود,Thamūd,Thamud (an ancient people),قومِ ثمود,PROPER_NOUN
shaara-perceive-transparent.png,cmtrh9s3700bd9k5k631bfquu,Core 500 · Set 82,شَعَرَ,shaʿara,"to perceive, to be aware",شعور رکھنا، محسوس کرنا,VERB_PAST
mithaq-covenant-transparent.png,cmtrh9s3800bf9k5kikcgq7fn,Core 500 · Set 83,مِيثاق,mīthāq,"covenant, solemn pledge",پختہ عہد,NOUN
junah-blame-transparent.png,cmtrh9s3800bi9k5k6ntw8l1e,Core 500 · Set 83,جُناح,junāḥ,"blame, sin",گناہ، حرج,NOUN
baid-far-transparent.png,cmtrh9s3800bj9k5kdjtgkp6o,Core 500 · Set 84,بَعِيد,baʿīd,"far, distant",دور,ADJECTIVE
bas-might-transparent.png,cmtrh9s3800bk9k5koag1zard,Core 500 · Set 84,بَأْس,baʾs,"might, force; punishment",زور، سختی، عذاب,NOUN
qadara-decree-transparent.png,cmtrh9s3800bl9k5kkui9imrt,Core 500 · Set 84,قَدَرَ,qadara,"to decree, to measure; to restrict",اندازہ کرنا، تنگ کرنا,VERB_PAST
bagha-seek-transparent.png,cmtrh9s3800bn9k5kjhx02byb,Core 500 · Set 84,بَغَى,baghā,to seek; to transgress,چاہنا؛ زیادتی کرنا,VERB_PAST
jadala-dispute-transparent.png,cmtrh9s3800bo9k5kozz9t3dn,Core 500 · Set 85,جادَلَ,jādala,"to dispute, to argue",جھگڑنا، بحث کرنا,VERB_PAST
iyya--transparent.png,cmtrh9s3800bp9k5kh6hlbh4e,Core 500 · Set 85,إِيّا,iyyā,"(object pronoun base: him, them, you)",(ضمیرِ مفعول کی بنیاد),PARTICLE
kada-almost-transparent.png,cmtrh9s3800bq9k5kugjo194t,Core 500 · Set 85,كادَ,kāda,"to almost, to be on the point of",قریب ہونا، تقریباً,VERB_PAST
wara-behind-transparent.png,cmtrh9s3800bs9k5k8spol4js,Core 500 · Set 85,وَراء,warāʾ,"behind, beyond",پیچھے,PARTICLE
a--transparent.png,cmtrh9s3800bt9k5k5ahpri91,Core 500 · Set 86,أَ,a,(turns a sentence into a question),کیا؟ (سوالیہ),PARTICLE
hayy-living-transparent.png,cmtrh9s3800bu9k5kpnhxv7zf,Core 500 · Set 86,حَيّ,ḥayy,"living, alive",زندہ,NOUN
untha-female-transparent.png,cmtrh9s3800bv9k5kx6jtgo0p,Core 500 · Set 86,أُنثَى,unthā,female,مادہ، عورت,NOUN
akbar-greater-transparent.png,cmtrh9s3800bw9k5khbrbrszv,Core 500 · Set 86,أَكْبَر,akbar,"greater, greatest",بڑا، سب سے بڑا,NOUN
tawaffa-take-in-full-transparent.png,cmtrh9s3800bx9k5kph2ctvsl,Core 500 · Set 86,تَوَفَّى,tawaffā,to take in full; to cause to die,پورا لینا؛ وفات دینا,VERB_PAST
taifah-group-transparent.png,cmtrh9s3800bz9k5k297o8p9u,Core 500 · Set 87,طائِفَة,ṭāʾifah,"group, party",گروہ، جماعت,NOUN
wakil-trustee-transparent.png,cmtrh9s3800c09k5kublgdaow,Core 500 · Set 87,وَكِيل,wakīl,"trustee, disposer of affairs",کارساز، وکیل,NOUN
liqa-meeting-transparent.png,cmtrh9s3800c19k5kgdbitnzm,Core 500 · Set 87,لِقاء,liqāʾ,"meeting, encounter",ملاقات,NOUN
zulmah-darkness-transparent.png,cmtrh9s3800c29k5k6vpy8aao,Core 500 · Set 87,ظُلْمَة,ẓulmah,darkness,اندھیرا,NOUN
sab-seven-transparent.png,cmtrh9s3800c39k5kllg96oqw,Core 500 · Set 88,سَبْع,sabʿ,seven,سات,NOUN
imma-either-transparent.png,cmtrh9s3800c49k5kjfguxiof,Core 500 · Set 88,إِمّا,immā,"either, or; if",یا تو، خواہ,PARTICLE
anja-rescue-transparent.png,cmtrh9s3800c59k5kmy2c126w,Core 500 · Set 88,أَنجَى,anjā,"to rescue, to deliver",نجات دینا، بچانا,VERB_PAST
sajid-one-prostrating-transparent.png,cmtrh9s3800c69k5kgrid8ex1,Core 500 · Set 88,ساجِد,sājid,one prostrating,سجدہ کرنے والا,NOUN
baddala-change-transparent.png,cmtrh9s3800c79k5kd939zyp6,Core 500 · Set 88,بَدَّلَ,baddala,"to change, to substitute",بدلنا,VERB_PAST
laana-curse-transparent.png,cmtrh9s3800ca9k5kj8djdx6k,Core 500 · Set 89,لَعَنَ,laʿana,to curse,لعنت کرنا,VERB_PAST
fulk-ship-transparent.png,cmtrh9s3800cb9k5kbh5lswtz,Core 500 · Set 89,فُلْك,fulk,ship,کشتی، جہاز,NOUN
adhina-permit-transparent.png,cmtrh9s3800cc9k5kzanntqtb,Core 500 · Set 89,أَذِنَ,adhina,"to permit, to give leave",اجازت دینا,VERB_PAST
fatana-test-transparent.png,cmtrh9s3800cd9k5kmznokglu,Core 500 · Set 90,فَتَنَ,fatana,"to test, to try, to tempt",آزمانا، فتنے میں ڈالنا,VERB_PAST
dhikra-reminder-transparent.png,cmtrh9s3800cf9k5kdzl97tw7,Core 500 · Set 90,ذِكْرَى,dhikrā,"reminder, admonition",نصیحت، یاد دہانی,NOUN
sam-hearing-transparent.png,cmtrh9s3800cg9k5kfc8fzdzx,Core 500 · Set 90,سَمْع,samʿ,hearing,سماعت، سننا,NOUN
khalf-behind-transparent.png,cmtrh9s3800ci9k5knljk9fa3,Core 500 · Set 91,خَلْف,khalf,"behind, after",پیچھے,NOUN
bala-yes-indeed-transparent.png,cmtrh9s3800cj9k5k55k30gv5,Core 500 · Set 91,بَلَى,balā,yes indeed (contradicting a negative),کیوں نہیں، ضرور,PARTICLE
aslama-submit-transparent.png,cmtrh9s3800ck9k5kqwphwuw4,Core 500 · Set 91,أَسْلَمَ,aslama,to submit (to God),سپرد کرنا، اسلام لانا,VERB_PAST
nasr-help-transparent.png,cmtrh9s3800cm9k5kgoo90zkj,Core 500 · Set 91,نَصْر,naṣr,"help, victory",مدد، فتح,NOUN
raja-to-hope-transparent.png,cmtrh9s3800cn9k5kb1x9754r,Core 500 · Set 92,رَجا,rajā,"to hope, to expect",امید رکھنا,VERB_PAST
wahaba-grant-transparent.png,cmtrh9s3800co9k5ku4p4445x,Core 500 · Set 92,وَهَبَ,wahaba,"to grant, to bestow",عطا کرنا، بخشنا,VERB_PAST
jamaa-gather-transparent.png,cmtrh9s3800cp9k5k854zcwj1,Core 500 · Set 92,جَمَعَ,jamaʿa,"to gather, to collect",جمع کرنا,VERB_PAST
lada-with-transparent.png,cmtrh9s3800cq9k5kpkakoxrt,Core 500 · Set 92,لَدَى,ladā,"with, at, in the presence of",پاس، نزدیک,PARTICLE
makara-plot-transparent.png,cmtrh9s3800cr9k5kldy6e78l,Core 500 · Set 92,مَكَرَ,makara,"to plot, to scheme",چال چلنا، سازش کرنا,VERB_PAST
mawa-refuge-transparent.png,cmtrh9s3800cs9k5klgbdb8wy,Core 500 · Set 93,مَأْوَى,maʾwā,"refuge, abode",ٹھکانہ، پناہ,NOUN
barr-land-transparent.png,cmtrh9s3800ct9k5ksm7i9x7k,Core 500 · Set 93,بَرّ,barr,"land, dry land",خشکی,NOUN
adhaqa-make-someone-taste-transparent.png,cmtrh9s3800cu9k5kemibjsfy,Core 500 · Set 93,أَذاقَ,adhāqa,to make someone taste,چکھانا,VERB_PAST
sahir-magician-transparent.png,cmtrh9s3800cw9k5kurgd1fl1,Core 500 · Set 93,ساحِر,sāḥir,"magician, sorcerer",جادوگر,NOUN
sakhkhara-subject-transparent.png,cmtrh9s3800cx9k5kyniy8oqk,Core 500 · Set 94,سَخَّرَ,sakhkhara,"to subject, to make serviceable",مسخر کرنا، کام میں لگانا,VERB_PAST
mufsid-corrupter-transparent.png,cmtrh9s3800cy9k5kife8rr3a,Core 500 · Set 94,مُفْسِد,mufsid,"corrupter, one who spreads corruption",فساد کرنے والا,NOUN
istahzaa-mock-transparent.png,cmtrh9s3800cz9k5kgvgofmxf,Core 500 · Set 94,اسْتَهْزَأَ,istahzaʾa,"to mock, to ridicule",مذاق اڑانا,VERB_PAST
ishtara-buy-transparent.png,cmtrh9s3800d09k5k8enmrnol,Core 500 · Set 94,اشْتَرَى,ishtarā,"to buy, to trade away",خریدنا، سودا کرنا,VERB_PAST
ama-blind-transparent.png,cmtrh9s3800d19k5km86xmg1y,Core 500 · Set 94,أَعْمَى,aʿmā,blind,اندھا,NOUN
amata-cause-to-die-transparent.png,cmtrh9s3800d39k5kmw0hqlr9,Core 500 · Set 95,أَماتَ,amāta,to cause to die,موت دینا,VERB_PAST
katama-conceal-transparent.png,cmtrh9s3800d49k5ke0x1yl29,Core 500 · Set 95,كَتَمَ,katama,"to conceal, to hide",چھپانا,VERB_PAST
ahsana-do-good-transparent.png,cmtrh9s3800d79k5kywqqcc4p,Core 500 · Set 96,أَحْسَنَ,aḥsana,"to do good, to do well",احسان کرنا، اچھا کرنا,VERB_PAST
nasib-share-transparent.png,cmtrh9s3800d89k5k7sn7zjcd,Core 500 · Set 96,نَصِيب,naṣīb,"share, portion",حصہ,NOUN
kam-how-many-transparent.png,cmtrh9s3800d99k5kr8ue6764,Core 500 · Set 96,كَم,kam,"how many, how much",کتنے، کتنا,NOUN
hasan-good-transparent.png,cmtrh9s3800da9k5k4dj4gc0b,Core 500 · Set 96,حَسَن,ḥasan,"good, fair",اچھا، بھلا,ADJECTIVE
musamman-named-transparent.png,cmtrh9s3800db9k5kl9ksyukw,Core 500 · Set 96,مُسَمًّى,musamman,"named, appointed, specified",مقرر، معین,NOUN
wadaa-put-down-transparent.png,cmtrh9s3800dc9k5k6zb7vtuv,Core 500 · Set 97,وَضَعَ,waḍaʿa,"to put down, to lay; to give birth",رکھنا، اتارنا؛ جنم دینا,VERB_PAST
shahid-witness-transparent.png,cmtrh9s3800dd9k5kbu490xix,Core 500 · Set 97,شاهِد,shāhid,witness,گواہ,NOUN
mukadhdhib-denier-transparent.png,cmtrh9s3800de9k5kz3sdw9wo,Core 500 · Set 97,مُكَذِّب,mukadhdhib,"denier, one who calls it a lie",جھٹلانے والا,NOUN
zann-assumption-transparent.png,cmtrh9s3800df9k5kqqj2i11v,Core 500 · Set 97,ظَنّ,ẓann,"assumption, conjecture",گمان، خیال,NOUN
aadda-prepare-transparent.png,cmtrh9s3800dg9k5k316scjbp,Core 500 · Set 97,أَعَدَّ,aʿadda,to prepare,تیار کرنا,VERB_PAST
awfa-fulfil-transparent.png,cmtrh9s3800dh9k5k70b3or8u,Core 500 · Set 98,أَوْفَى,awfā,"to fulfil, to give in full",پورا کرنا,VERB_PAST
arafa-know-transparent.png,cmtrh9s3800di9k5khstvuhdw,Core 500 · Set 98,عَرَفَ,ʿarafa,"to know, to recognise",پہچاننا، جاننا,VERB_PAST
kallama-speak-to-transparent.png,cmtrh9s3800dk9k5khtybmueo,Core 500 · Set 98,كَلَّمَ,kallama,"to speak to, to address",بات کرنا، کلام کرنا,VERB_PAST
hikmah-wisdom-transparent.png,cmtrh9s3800dl9k5kcryy8s8p,Core 500 · Set 98,حِكْمَة,ḥikmah,wisdom,حکمت، دانائی,NOUN
sabir-patient-one-transparent.png,cmtrh9s3800dm9k5kfbb54nms,Core 500 · Set 99,صابِر,ṣābir,"patient one, steadfast",صبر کرنے والا,NOUN
bala-test-transparent.png,cmtrh9s3800dn9k5kxeubayrt,Core 500 · Set 99,بَلا,balā,"to test, to try",آزمانا,VERB_PAST
ahalla-make-lawful-transparent.png,cmtrh9s3800do9k5khj7d05ho,Core 500 · Set 99,أَحَلَّ,aḥalla,"to make lawful, to permit",حلال کرنا,VERB_PAST
amina-be-safe-transparent.png,cmtrh9s3800dp9k5kq6eal0z4,Core 500 · Set 99,أَمِنَ,amina,"to be safe, to feel secure",امن میں ہونا، بےخوف ہونا,VERB_PAST
iqab-penalty-transparent.png,cmtrh9s3800dq9k5kdxv7837h,Core 500 · Set 99,عِقاب,ʿiqāb,"penalty, retribution",سزا، عذاب,NOUN
marrah-time-transparent.png,cmtrh9s3800dr9k5k0y0z8sfg,Core 500 · Set 100,مَرَّة,marrah,"time, occasion",بار، دفعہ,NOUN
harun-aaron-transparent.png,cmtrh9s3800ds9k5ko7qdmgb5,Core 500 · Set 100,هارُون,Hārūn,Aaron,ہارون,PROPER_NOUN
qassa-narrate-transparent.png,cmtrh9s3800du9k5kaceaw2q6,Core 500 · Set 100,قَصَّ,qaṣṣa,"to narrate, to relate",بیان کرنا، قصہ سنانا,VERB_PAST
aqsama-swear-an-oath-transparent.png,cmtrh9s3800dv9k5k6v94nmfr,Core 500 · Set 100,أَقْسَمَ,aqsama,to swear an oath,قسم کھانا,VERB_PAST
malik-owner-transparent.png,cmtvrdagy007a585kfvcpfxs3,Curriculum · Chapter 1,مَالِك,mālik,"owner, master, possessor",مالک,NOUN
walid-father-transparent.png,cmtvrdagx002d585k1bbl42hp,Curriculum · Chapter 2,وَالِد,wālid,father (formal),والد,NOUN
walida-mother-transparent.png,cmtvrdagx002e585kutut3zxt,Curriculum · Chapter 2,وَالِدَة,wālida,mother (formal),والدہ,NOUN
daw-light-transparent.png,cmtvrdagx003w585kg875zgax,Curriculum · Chapter 2,ضَوْء,ḍaw',"light, brightness",روشنی,NOUN
isha-night-transparent.png,cmtvrdagx004q585kwxooamvx,Curriculum · Chapter 2,عِشَاء,'ishā',"night, isha prayer time",عشاء,NOUN
malik-king-transparent.png,cmtvrdagx001u585kuxs2emsa,Curriculum · Chapter 3,مَلِك,malik,"king, ruler",بادشاہ,NOUN
usbu-week-transparent.png,cmtvrdagy004t585kn395pmsu,Curriculum · Chapter 3,أُسْبُوع,usbū',week,ہفتہ,NOUN
zaman-time-transparent.png,cmtvrdagy004y585k9jd81qmp,Curriculum · Chapter 3,زَمَان,zamān,"time, era, age",زمانہ، وقت,NOUN
thamara-fruit-transparent.png,cmtvrdagy005i585khiz3s05g,Curriculum · Chapter 3,ثَمَرَة,thamara,"fruit, result",پھل، نتیجہ,NOUN
raja-he-hoped-transparent.png,cmtvrdagz008p585kz220ht0g,Curriculum · Chapter 3,رَجَا,rajā,"he hoped, he expected",اس نے امید رکھی,VERB_PAST
jami-congregational-mosque-transparent.png,cmtvrdagz009s585knlkcxzj2,Curriculum · Chapter 3,جَامِع,jāmi',congregational mosque,جامع مسجد,NOUN
fahima-he-understood-transparent.png,cmtvrdagz00av585krt4qi539,Curriculum · Chapter 3,فَهِمَ,fahima,he understood,اس نے سمجھا,VERB_PAST
hafiza-he-memorized-transparent.png,cmtvrdagz00aw585k4dk8bbb2,Curriculum · Chapter 3,حَفِظَ,ḥafiẓa,"he memorized, he preserved",اس نے حفظ کیا,VERB_PAST
raja-hope-transparent.png,cmtvrdagy0070585k6y3hkxxa,Curriculum · Chapter 4,رَجَاء,rajā',"hope, expectation",امید، رجاء,NOUN
musalla-prayer-mat-transparent.png,cmtvrdagy0074585keteo1uhi,Curriculum · Chapter 4,مُصَلَّى,muṣallā,"prayer mat, prayer area",مصلی، جائے نماز,NOUN
dahr-time-transparent.png,cmtvrdagy004w585kjbklzghl,Curriculum · Chapter 5,دَهْر,dahr,"time, age, eternity",زمانہ، دہر,NOUN
